USA ,Unnamed: 1,Unnamed: 2,Unnamed: 3,Unnamed: 4,Unnamed: 5,Unnamed: 6,Unnamed: 7
Column1.state,Column1.code,Column1.pop2026,Column1.densityMi,Area square miles,No of 3o mile radius areas,Ca;ifornia as Control Density,
California,CA,39896400,256.10897,155779.0029767407,55.103998223113095,1,
Texas,TX,32416700,124.09161,261232.00432325763,92.40608571745936,0.48452660599900116,
Florida,FL,24306900,453.27552,53625.00052947929,18.96887178262444,1.7698541366981406,
New York,NY,20127000,427.08908,47126.0000372756,16.669968177317156,1.667606878431474,
Pennsylvania,PA,13200800,295.0361,44742.99924653288,15.827024848437524,1.1519944030074385,
Illinois,IL,12846000,231.38025,55518.99956889147,19.6388396069655,0.9034445376903433,
Ohio,OH,12001800,293.72262,40861.000082322564,14.453838019923086,1.1468658048173792,
Georgia,GA,11413800,198.456,57513.00036280083,20.34418123905229,0.774888907639588,
North Carolina,NC,11375700,233.98124,48618.000314897035,17.19773622741317,0.9136003319212131,
Michigan,MI,10254700,181.37392,56538.999653312894,19.99964614549448,0.7081904237871871,
New Jersey,NJ,9743270,1324.89394,7353.999973763938,2.6013441718301866,5.1731649227280085,
Virginia,VA,8964220,226.99975,39489.99943832537,13.968871396648522,0.8863404901437072,
Washington,WA,8159900,122.78651,66455.99748702036,23.507604346310703,0.47943072825602323,
Arizona,AZ,7801100,68.67528,113594.00354829278,40.18181943696243,0.2681486712472429,
Tennessee,TN,7386640,179.1352,41235.00015630652,14.586133765937928,0.6994491446355823,
Massachusetts,MA,7275380,932.74103,7799.999963548295,2.7591085827903417,3.6419693929501964,
Indiana,IN,7012560,195.73941,35825.999475527184,12.67279783357877,0.7642817430408626,
Maryland,MD,6355540,654.73782,9706.999971377856,3.433675264017636,2.5564814071135427,
Missouri,MO,6320320,91.94263,68741.9970475067,24.31623524849901,0.3589980858538457,
Colorado,CO,6069800,58.56506,103642.00087902241,36.66147891016003,0.22867242799031992,
Wisconsin,WI,6022120,111.19539,54158.00061495355,19.15741090023118,0.43417218069324165,
Minnesota,MN,5873360,73.76091,79627.00026341867,28.166607804534372,0.288005960900159,
South Carolina,SC,5660830,188.31143,30061.000545744886,10.633533974441063,0.7352785417863341,
Alabama,AL,5237750,103.42087,50645.00037564952,17.91475075190998,0.4038158835280154,
Kentucky,KY,4663930,118.11604,39486.00037725613,13.96745680129329,0.46119446733942976,
Louisiana,LA,4617080,106.86696,43203.99869145711,15.282631302248713,0.4172714450415384,
Oregon,OR,4309810,44.89947,95987.99273131731,33.95401228557386,0.1753139298479081,
Oklahoma,OK,4158420,60.62279,68594.99538045016,24.264236073735464,0.23670701576754613,
Connecticut,CT,3739160,772.23461,4842.000023801057,1.7127697289710142,3.0152579583604586,
Utah,UT,3624400,44.10856,82169.99149371461,29.06614485097793,0.1722257521866571,
Nevada,NV,3373680,30.731,109781.00289609839,38.83303958121627,0.11999189251356562,
Iowa,IA,3287640,58.85816,55856.99586939177,19.75839967081421,0.22981686272058335,
Arkansas,AR,3126140,60.07764,52035.00004327733,18.40643793536517,0.23457842964266346,
Kansas,KS,3008820,36.80109,81758.99137770104,28.920761010859934,0.14369309282685414,
Mississippi,MS,2942790,62.7153,46922.999650802914,16.598160470747406,0.24487740511392475,
New Mexico,NM,2148440,17.71208,121298.00678407053,42.90697091760542,0.06915837426545428,
Idaho,ID,2062610,24.95807,82643.00885445069,29.233466167120866,0.09745097955764688,
Nebraska,NE,2040670,26.56292,76824.00880626077,27.175100391319692,0.10371725754080381,
West Virginia,WV,1768950,73.58973,24038.000954752788,8.503007058632043,0.2873375735336408,
Hawaii,HI,1455660,226.63241,6423.000134888033,2.2720198566989858,0.8849061788034991,
New Hampshire,NH,1422700,158.90763,8952.99992832314,3.1669614178716445,0.6204688184096012,
Maine,ME,1415740,45.9015,30843.000773395204,10.910152378279166,0.17922644411868902,
Montana,MT,1149100,7.8951,145545.97155197526,51.48424886875672,0.030827112381108714,
Rhode Island,RI,1130070,1092.91103,1033.9999954067625,0.3657587532390387,4.267367246059363,
Delaware,DE,1082900,555.61827,1948.9999851876719,0.6894234118102837,2.16946040585771,
South Dakota,SD,937397,12.36492,75811.00403399294,26.816768317648723,0.0482799177240844,
North Dakota,ND,811610,11.76229,69001.01935932544,24.407859695551977,0.04592689588342025,
Alaska,AK,747379,1.30972,570640.2895275326,201.85365742042188,0.005113916939340313,
Vermont,VT,648063,70.31171,9216.99955811059,3.260346500923449,0.27453825611808913,
Wyoming,WY,592720,6.10466,97093.04039864628,34.3449028647493,0.02383618191896988,
,,,,,,,
,,,,,,Totals,
China,,,,,,,
Column1.state,Column1.code,Column1.pop2026,Column1.densityMi,Area square miles,No of 3o mile radius areas,Guangdong  as Control Density,
Guangdong,,111456400,1606,69400,63,1,
Sichuan,,87281800,466,187300,170,0.2901618929016189,
Xinjiang,,21855200,34,642800,585,0.021170610211706103,
Beijing (Municipality),,22157648,3496,6338,6,2.1768368617683684,
Shanghai (Municipality),,24727248,10101,2448,2,6.289539227895392,
Chongqing (Municipality),,32118000,1010,31800,29,0.6288916562889165,
Tibet (Xizang),,2371500,5,474300,432,0.00311332503113325,
Shandong,,99062400,1632,60700,55,1.016189290161893,
Yunnan,,47334200,311,152200,139,0.19364881693648817,
Hong Kong (SAR),,7935213,18497,429,0.4,11.517434620174345,
Henan,,95202000,1476,64500,59,0.9190535491905355,
Hebei,,73225000,1010,72500,66,0.6288916562889165,
Hunan,,67812200,829,81800,75,0.5161892901618929,
Anhui,,80807600,1502,53800,49,0.9352428393524284,
Jiangsu,,82051200,2072,39600,36,1.290161892901619,
Zhejiang,,56939300,1399,40700,37,0.8711083437110835,
Guizhou,,38760000,570,68000,62,0.3549190535491905,
Jiangxi,,63369600,984,64400,59,0.6127023661270237,
Liaoning,,42882100,751,57100,52,0.4676214196762142,
Fujian,,38880100,829,46900,43,0.5161892901618929,
Shaanxi,,39114000,492,79500,73,0.30635118306351183,
Inner Mongolia,,24656400,54,456600,418,0.033623910336239106,
Ānhuī Shĕng,,61000000,1128,54100,19,0.7023661270236613,
,,,,,,,
,,,,,,,
Vietnam,,,,,,,
Column1.state,Column1.code,Column1.pop2026,Column1.densityMi,Area square miles,No of 3o mile radius areas,Angiang as Control,
An Giang,900000,1904532,1171,1627,0.22,1,
Bà Rịa–Vũng Tàu,780000,1148313,1135,1012,0.14,0.9692570452604612,
Bắc Giang,260000,1859411,1596,1165,0.16,1.362937660119556,
Bắc Kạn,960000,320868,172,1868,0.25,0.14688300597779674,
Bạc Liêu,260000,1011721,1081,936,0.13,0.9231426131511529,
Bắc Ninh,160000,1488250,2536,587,0.08,2.165670367207515,
Bến Tre,930000,1288511,1234,1044,0.14,1.053800170794193,
Bình Dương,750000,2603994,2133,1221,0.17,1.821520068317677,
Bình Định,590000,1487009,617,2410,0.33,0.5269000853970965,
Bình Phước,830000,1055423,194,5445,0.74,0.16567036720751493,
Bình Thuận,770000,1244665,332,3748,0.51,0.28351836037574724,
Cà Mau,970000,1521894,1114,1366,0.19,0.9513236549957301,
Cần Thơ,900000,1235171,1697,728,0.1,1.4491887275832622,
Cao Bằng,270000,530341,183,2899,0.4,0.15627668659265584,
Đà Nẵng,550000,1134310,3437,330,0.05,2.9350982066609737,
Đắk Lắk,630000,2134725,388,5503,0.75,0.33134073441502987,
Đắk Nông,650000,733705,311,2359,0.32,0.2655849701110162,
Điện Biên,320000,615205,129,4758,0.65,0.11016225448334757,
Đồng Nai,810000,3450484,1066,3236,0.44,0.910333048676345,
Đồng Tháp,870000,1675821,1006,1666,0.23,0.8590947907771136,
Gia Lai,600000,1641829,220,7464,1.02,0.18787361229718189,
Hà Giang,310000,903662,237,3814,0.52,0.20239111870196413,
Hà Nam,400000,1012227,2295,441,0.06,1.959863364645602,
Hà Nội,100000,8418883,6169,1364,0.19,5.268146883005977,
Hà Tĩnh,480000,1288866,373,3456,0.47,0.318531169940222,
Hải Dương,170000,1936371,2273,852,0.12,1.9410760034158838,
Hải Phòng,180000,2093452,3572,586,0.08,3.050384286934244,
Hậu Giang,910000,983012,1067,921,0.13,0.9111870196413322,
Hòa Bình,350000,876883,309,2839,0.39,0.26387702818104186,
Hưng Yên,170000,1290083,2565,503,0.07,2.1904355251921435,
Khánh Hòa,570000,1256098,522,2408,0.33,0.4457728437233134,
Kiên Giang,910000,1926320,538,3581,0.49,0.4594363791631085,
Kon Tum,580000,540438,142,3808,0.52,0.12126387702818105,
Lai Châu,300000,473366,110,4302,0.59,0.09393680614859094,
Lâm Đồng,670000,1615647,322,5032,0.69,0.2749786507258753,
Lạng Sơn,240000,781655,239,3273,0.45,0.2040990606319385,
Lào Cai,330000,743127,225,3309,0.45,0.19214346712211786,
Long An,850000,2088029,1060,1970,0.27,0.9052092228864219,
Nam Định,420000,1780393,2010,886,0.12,1.7164816396242528,
Nghệ An,460000,3327791,429,7758,1.06,0.3663535439795047,
Ninh Bình,430000,1035915,1314,788,0.11,1.1221178479931682,
Ninh Thuận,590000,603042,370,1631,0.22,0.31596925704526047,
Phú Thọ,290000,1463726,1022,1433,0.2,0.8727583262169086,
Phú Yên,620000,903520,286,3163,0.43,0.24423569598633646,
Quảng Bình,470000,913705,228,4014,0.55,0.19470538001707943,
Quảng Nam,510000,1549658,396,3909,0.53,0.3381725021349274,
Quảng Ngãi,530000,1319167,574,2299,0.31,0.4901793339026473,
Quảng Ninh,200000,1488678,655,2273,0.31,0.5593509820666097,
Quảng Trị,520000,661937,219,3022,0.41,0.1870196413321947,
Sóc Trăng,950000,1621783,1071,1515,0.21,0.9146029035012809,
Sơn La,360000,1255826,248,5066,0.69,0.21178479931682323,
Tây Ninh,840000,1251400,393,3186,0.43,0.33561058923996584,
Thái Bình,410000,1860447,2066,901,0.12,1.7643040136635355,
Thái Nguyên,240000,1391118,1041,1337,0.18,0.8889837745516652,
Thanh Hóa,440000,3673173,801,4586,0.63,0.6840307429547395,
Thừa Thiên–Huế,530000,1260998,366,3447,0.47,0.3125533731853117,
Tiền Giang,860000,1786403,1280,1396,0.19,1.0930828351836037,
TP HCM (Hồ Chí Minh City),700000,9166800,12720,721,0.1,10.862510674637063,
Trà Vinh,940000,1012970,1121,904,0.12,0.9573014517506405,
Tuyên Quang,220000,803915,232,3461,0.47,0.1981212638770282,
Vĩnh Long,890000,1022791,1365,749,0.1,1.165670367207515,
Vĩnh Phúc,280000,1151154,1411,816,0.11,1.2049530315969257,
Yên Bái,320000,900804,258,3489,0.48,0.22032450896669514,
,,,,,,,
,,,,,,,
Indonesia,,,,,,,
Column1.state,Column1.code,Column1.pop2026,Column1.densityMi,Area square miles,No of 3o mile radius areas,Aceh as Control ,
Aceh,23000,5460000,316,17280,6.12,1,
North Sumatra,20100,14700000,646,22760,8.06,2.0443037974683542,
West Sumatra,25100,5640000,474,11900,4.21,1.5,
Riau,28200,6700000,228,29410,10.41,0.7215189873417721,
Jambi,36100,3650000,179,20390,7.22,0.5664556962025317,
South Sumatra,30100,8520000,307,27780,9.83,0.9715189873417721,
Bengkulu,38100,2010000,372,5410,1.92,1.1772151898734178,
Lampung,35100,9010000,766,11770,4.17,2.4240506329113924,
Bangka Belitung,33100,1560000,252,6180,2.19,0.7974683544303798,
Riau Islands,29100,2120000,280,7570,2.68,0.8860759493670886,
Jakarta,10100,10560000,15730,672,0.24,49.778481012658226,
West Java,40100,48600000,3339,14550,5.15,10.566455696202532,
Central Java,50100,37000000,2740,13500,4.78,8.670886075949367,
Yogyakarta,55200,4010000,2213,1810,0.64,7.003164556962025,
East Java,60100,40670000,2112,19270,6.82,6.6835443037974684,
Banten,42100,12000000,2164,5540,1.96,6.848101265822785,
Bali,80300,4290000,2003,2140,0.76,6.3386075949367084,
West Nusa Tenggara,83100,5320000,388,13710,4.85,1.2278481012658229,
East Nusa Tenggara,85100,5440000,274,19850,7.03,0.8670886075949367,
West Kalimantan,78100,5650000,84,67310,23.83,0.26582278481012656,
Central Kalimantan,73100,2720000,42,64380,22.78,0.13291139240506328,
South Kalimantan,70100,4130000,218,18970,6.72,0.689873417721519,
East Kalimantan,76100,3770000,36,105800,37.45,0.11392405063291139,
North Kalimantan,77400,710000,20,35570,12.59,0.06329113924050633,
West Sulawesi,91300,1510000,156,9690,3.43,0.4936708860759494,
South Sulawesi,90100,9460000,574,16490,5.84,1.8164556962025316,
Southeast Sulawesi,93200,2780000,155,17900,6.34,0.49050632911392406,
Central Sulawesi,94100,3070000,70,43590,15.43,0.22151898734177214,
Gorontalo,96100,1250000,355,3520,1.25,1.1234177215189873,
North Sulawesi,95100,2670000,445,6000,2.12,1.4082278481012658,
Maluku,97200,1870000,46,40100,14.19,0.14556962025316456,
North Maluku,97700,1350000,54,25000,8.85,0.17088607594936708,
West Papua,98300,1050000,28,37270,13.19,0.08860759493670886,
Central Papua,99900,1200000,26,45800,16.21,0.08227848101265822,
South Papua,99600,630000,11,56130,19.87,0.03481012658227848,
Highland Papua,99500,1100000,22,50000,17.71,0.06962025316455696,
Southwest Papua,98400,580000,13,44000,15.57,0.04113924050632911,
,,,,,,,
Thailand ,,,,,,,
Column1.state,Column1.code,Column1.pop2026,Column1.densityMi,Area square miles,No of 3o mile radius areas,Bankok as Control ,
Bangkok,10000,10722815,13776,778,0.28,1,
Central,12000,1525085,1267,1204,0.43,0.09197154471544715,
Central,13000,1594217,1072,1487,0.53,0.07781649245063879,
North,50000,1750000,575,3043,1.08,0.041739256678281066,
Northeast,30000,1540000,392,3927,1.39,0.028455284552845527,
East,20000,1340000,1082,1238,0.44,0.0785423925667828,
South,80000,1500000,392,3825,1.35,0.028455284552845527,
West,70000,900000,256,3516,1.24,0.018583042973286876,
,,,,,,,
Germany ,,,,,,,
Column1.state,Column1.code,Column1.pop2026,Column1.densityMi,Area square miles,No of 3o mile radius areas,Baden-Württemberg as control,
Baden-Württemberg,70xxx–79xxx,11100000,730,13804,4.88,1,
Bavaria (Bayern),80xxx–97xxx,13230000,482,27239,9.64,0.6602739726027397,
Berlin,10xxx–14xxx,3600000,10888,331,0.12,14.915068493150685,
Brandenburg,14xxx–16xxx,2500000,219,11418,4.04,0.3,
Bremen,28xxx,680000,5191,131,0.05,7.110958904109589,
Hamburg,20xxx–22xxx,1900000,6778,280,0.1,9.284931506849315,
Hesse (Hessen),"34xxx–36xxx, 60xxx–65xxx",6300000,746,8078,2.86,1.021917808219178,
Mecklenburg-Vorpommern,17xxx–19xxx,1600000,177,9447,3.34,0.24246575342465754,
Lower Saxony (Niedersachsen),"26xxx–31xxx, 38xxx–39xxx",8000000,412,19479,6.89,0.5643835616438356,
North Rhine-Westphalia (Nordrhein-Westfalen),"32xxx–33xxx, 40xxx–59xxx",17900000,1373,13160,4.66,1.8808219178082193,
Rhineland-Palatinate (Rheinland-Pfalz),"54xxx–56xxx, 66xxx",4100000,555,7672,2.71,0.7602739726027398,
Saarland,66xxx,990000,1050,943,0.33,1.4383561643835616,
Saxony (Sachsen),01xxx–09xxx,4100000,613,6981,2.47,0.8397260273972603,
Saxony-Anhalt (Sachsen-Anhalt),06xxx–07xxx,2170000,227,9695,3.43,0.31095890410958904,
Schleswig-Holstein,24xxx–25xxx,2950000,526,5817,2.06,0.7205479452054795,
Thuringia (Thüringen),07xxx–09xxx,2100000,278,6202,2.19,0.38082191780821917,
,,,,,,,
France,,,,,,,
Column1.state,Column1.code,Column1.pop2026,Column1.densityMi,Area square miles,No of 3o mile radius areas,Île-de-France as Control,
Île-de-France,75xxx–95xxx,12278210,2513,4887,1.73,1,
Auvergne-Rhône-Alpes,01xxx–74xxx,8032377,338,23753,8.41,0.13450059689614008,
Nouvelle-Aquitaine,16xxx–87xxx,6032786,180,33820,11.97,0.07162753680859531,
Occitanie,09xxx–66xxx,6091696,193,31950,11.31,0.07680063668921608,
Provence-Alpes-Côte d'Azur,04xxx–84xxx,5106779,436,11710,4.14,0.17349781138081974,
Grand Est,08xxx–68xxx,5549586,205,27178,9.62,0.0815758058097891,
Hauts-de-France,59xxx–62xxx,6004947,583,10298,3.64,0.23199363310783924,
Bourgogne-Franche-Comté,21xxx–90xxx,2801695,121,23187,8.21,0.048149621965777954,
Normandie,14xxx–76xxx,3330478,246,13545,4.79,0.09789096697174691,
Bretagne,22xxx–56xxx,3430446,330,10505,3.72,0.13131715081575807,
Centre-Val de Loire,18xxx–45xxx,2577435,133,19155,6.78,0.052924791086350974,
Pays de la Loire,44xxx–85xxx,3894336,266,14635,5.18,0.10584958217270195,
Corse,20xxx,351255,104,3367,1.19,0.041384799044966177,
,,,,,,,
Spain ,,,,,,,
Column1.state,Column1.code,Column1.pop2026,Column1.densityMi,Area square miles,No of 3o mile radius areas,Alava as Control,
Álava,01xxx,333340,210.2,1587,0.56,1,
Albacete,02xxx,386464,59.7,6473,2.29,0.2840152235965747,
Alicante,03xxx,1838819,629.6,2921,1.03,2.9952426260704095,
Almería,04xxx,727945,117.6,6192,2.19,0.5594671741198858,
Asturias,33xxx,1018784,288.9,3526,1.25,1.3744053282588011,
Ávila,05xxx,158265,29,5457,1.93,0.13796384395813513,
Badajoz,06xxx,668942,55.6,12029,4.26,0.26450999048525214,
Barcelona,08xxx,5743402,1800.7,3191,1.13,8.566603235014274,
Burgos,09xxx,349725,49.7,7035,2.49,0.23644148430066605,
Cáceres,10xxx,393716,44.7,8810,3.12,0.21265461465271174,
Cádiz,11xxx,1244049,391,3182,1.13,1.8601332064700287,
Cantabria,39xxx,585222,426.7,1372,0.49,2.0299714557564226,
Castellón,12xxx,590616,236.6,2496,0.88,1.1255946717411989,
Ciudad Real,13xxx,495045,50.5,9803,3.47,0.24024738344433874,
Córdoba,14xxx,772464,97.8,7893,2.79,0.4652711703139867,
A Coruña,15xxx,1124530,375.5,2995,1.06,1.7863939105613702,
Cuenca,16xxx,195022,24.1,8093,2.86,0.11465271170313988,
Girona,17xxx,793478,266.2,2982,1.05,1.2664129400570885,
Granada,18xxx,927406,129.7,7150,2.53,0.6170313986679353,
Guadalajara,19xxx,267447,41.9,6387,2.26,0.19933396764985728,
Gipuzkoa,20xxx,723576,840.2,862,0.31,3.997145575642246,
Huelva,21xxx,524278,80.4,6521,2.31,0.38249286393910564,
Huesca,22xxx,224397,21,10684,3.78,0.09990485252140818,
Illes Balears,07xxx,1176659,570.9,2062,0.73,2.7159847764034253,
Jaén,23xxx,623761,82.2,7588,2.69,0.3910561370123692,
La Rioja,26xxx,319892,272,1176,0.42,1.2940057088487156,
Las Palmas,35xxx,1146476,1238.8,925,0.33,5.893434823977165,
León,24xxx,447963,45.3,9891,3.5,0.21550903901046622,
Lleida,25xxx,442104,50,8842,3.13,0.2378686964795433,
Lugo,27xxx,326013,62.6,5209,1.84,0.2978116079923882,
Madrid,28xxx,6661949,2155.2,3091,1.09,10.253092293054234,
Málaga,29xxx,1750387,650.1,2692,0.95,3.092768791627022,
Murcia,30xxx,1563028,394.6,3963,1.4,1.877259752616556,
Navarra,31xxx,661197,168,3937,1.39,0.7992388201712655,
Ourense,32xxx,304280,48.7,6247,2.21,0.2316841103710752,
Palencia,34xxx,160980,38.2,4212,1.49,0.1817316841103711,
Pontevedra,36xxx,940280,488.7,1924,0.68,2.3249286393910564,
Salamanca,37xxx,325898,40.5,8049,2.85,0.19267364414843008,
Santa Cruz de Tenerife,38xxx,1056824,1059.5,998,0.35,5.040437678401522,
Segovia,40xxx,153129,31.7,4829,1.71,0.15080875356803045,
Sevilla,41xxx,1957567,325,6022,2.13,1.5461465271170314,
Soria,42xxx,88884,19.7,4515,1.6,0.09372026641294005,
Tarragona,43xxx,832933,272.3,3059,1.08,1.295432921027593,
Teruel,44xxx,133877,18.4,7287,2.58,0.08753568030447192,
Toledo,45xxx,713453,84.4,8456,2.99,0.40152235965746913,
Valencia,46xxx,2603316,1067.2,2440,0.86,5.0770694576593725,
Valladolid,47xxx,519361,139.7,3719,1.32,0.6646051379638439,
Bizkaia,48xxx,1153670,1082.5,1066,0.38,5.149857278782113,
Zamora,49xxx,163099,28.8,5663,2,0.13701236917221696,
Zaragoza,50xxx,963655,87.2,11053,3.91,0.41484300666032353,
,,,,,,,
,,,,,,,
United Kingdom,,,,,,,
Column1.state,Column1.code,Column1.pop2026,Column1.densityMi,Area square miles,No of 3o mile radius areas,Bedfordshire as Control,No of 10 mile radius areas
Bedfordshire,"LU, MK, SG",669338,1320,507,0.18,1,1.62
Berkshire,"RG, SL",911403,1800,507,0.18,1.3636363636363635,1.62
Buckinghamshire,"HP, MK, SL",808666,1300,626,0.22,0.9848484848484849,2
Cambridgeshire,"CB, PE, SG",852523,620,1376,0.51,0.4696969696969697,4.39
Cheshire,"CH, CW, SK, WA",1054600,1000,1054,0.39,0.7575757575757576,3.36
Cornwall,"PL, TR",568210,350,1610,0.6,0.26515151515151514,5.13
Cumberland,CA,499900,220,2254,0.85,0.16666666666666666,7.18
Derbyshire,"DE, S, SK",1053316,1000,1053,0.39,0.7575757575757576,3.36
Devon,"EX, PL, TQ",1201700,440,2590,0.98,0.3333333333333333,8.26
Dorset,"BH, DT",772268,690,1119,0.42,0.5227272727272727,3.57
Durham,"DH, DL, SR, TS",866846,900,963,0.36,0.6818181818181818,3.07
Essex,"CM, CO, IG, RM, SS",1832752,1280,1432,0.54,0.9696969696969697,4.57
Gloucestershire,GL,915800,750,1221,0.46,0.5681818181818182,3.89
Hampshire,"GU, PO, RG, SO, SP",1844800,1080,1708,0.65,0.8181818181818182,5.46
Herefordshire,HR,192107,230,837,0.31,0.17424242424242425,2.67
Hertfordshire,"AL, EN, HP, SG, WD",1195542,1900,629,0.23,1.4393939393939394,2.01
Huntingdonshire,PE,180400,390,462,0.16,0.29545454545454547,1.48
Kent,"BR, CT, DA, ME, TN",1860200,1200,1550,0.56,0.9090909090909091,4.95
Lancashire,"BB, BL, FY, LA, OL, PR",1498300,1300,1152,0.42,0.9848484848484849,3.68
Leicestershire,LE,712300,1000,712,0.26,0.7575757575757576,2.27
Lincolnshire,"DN, LN, NG, PE",1093100,370,2956,1.12,0.2803030303030303,9.43
London (Middlesex),"E, EC, N, NW, SE, SW, W, WC",8798200,10900,808,0.29,8.257575757575758,2.58
Middlesex,"EN, HA, N, NW, TW, UB, W",2919300,6000,487,0.17,4.545454545454546,1.55
Monmouthshire,NP,505400,530,954,0.36,0.4015151515151515,3.04
Norfolk,"IP, NR, PE",916200,370,2476,0.94,0.2803030303030303,7.9
Northamptonshire,NN,747600,690,1083,0.41,0.5227272727272727,3.45
Northumberland,NE,320500,170,1936,0.73,0.12878787878787878,6.18
Nottinghamshire,NG,1154195,1100,1049,0.39,0.8333333333333334,3.36
Oxfordshire,OX,723800,650,1113,0.42,0.49242424242424243,3.55
Rutland,"LE, PE",41049,290,147,0.05,0.2196969696969697,0.47
Shropshire,"SY, TF",323136,290,1106,0.42,0.2196969696969697,3.53
Somerset,"BA, BS, TA",965424,570,1694,0.64,0.4318181818181818,5.41
Staffordshire,"DE, DY, ST, WS, WV",1131052,1100,1028,0.38,0.8333333333333334,3.29
Suffolk,"CB, CO, IP, NR",758556,420,1807,0.68,0.3181818181818182,5.77
Surrey,"CR, GU, KT, RH, SM, SW, TW",1202680,2100,572,0.21,1.5909090909090908,1.83
Sussex,"BN, GU, PO, RH, TN",1725500,1300,1328,0.5,0.9848484848484849,4.24
Warwickshire,"B, CV",617869,800,772,0.29,0.6060606060606061,2.47
Westmorland,LA,227191,150,1514,0.57,0.11363636363636363,4.84
Wiltshire,"BA, SN, SP, SW",720060,460,1568,0.6,0.3484848484848485,5.01
Worcestershire,"B, DY, GL, WR",597229,890,671,0.24,0.6742424242424242,2.14
Yorkshire (East Riding),"HU, YO",595820,420,1417,0.52,0.3181818181818182,4.53
Yorkshire (North Riding),"DL, TS, YO",802554,220,3648,1.39,0.16666666666666666,11.66
Yorkshire (West Riding),"BD, DN, HD, HG, HX, LS, S, WF, YO",2142400,1200,1785,0.67,0.9090909090909091,5.7
Anglesey,LL,69751,360,193,0.07,0.2727272727272727,0.62
Brecknockshire,LD,43376,80,525,0.2,0.06060606060606061,1.68
Caernarfonshire,LL,122000,260,469,0.17,0.19696969696969696,1.5
Cardiganshire,"SA, SY",74011,130,566,0.21,0.09848484848484848,1.81
Carmarthenshire,SA,185615,170,1092,0.4,0.12878787878787878,3.49
Denbighshire,LL,183800,210,875,0.32,0.1590909090909091,2.8
Flintshire,CH,155100,720,215,0.08,0.5454545454545454,0.69
Glamorgan,"CF, SA",1317000,1200,1098,0.41,0.9090909090909091,3.51
Merionethshire,LL,62937,60,678,0.25,0.045454545454545456,2.17
Montgomeryshire,SY,63779,60,839,0.3,0.045454545454545456,2.69
Pembrokeshire,SA,125055,160,820,0.29,0.12121212121212122,2.63
Radnorshire,LD,25821,40,471,0.16,0.030303030303030304,1.51
Banffshire,AB,36500,60,609,0.23,0.045454545454545456,1.95
Berwickshire,TD,21900,60,475,0.18,0.045454545454545456,1.52
Clackmannanshire,FK,51400,1300,40,0.01,0.9848484848484849,0.13
Dumfriesshire,DG,148050,70,1614,0.6,0.05303030303030303,5.14
Fife,KY,371910,760,491,0.18,0.5757575757575758,1.57
Inverness-shire,IV,96006,30,3380,1.29,0.022727272727272728,10.78
Kincardineshire,AB,31400,60,383,0.15,0.045454545454545456,1.22
Kinross-shire,KY,13700,80,142,0.05,0.06060606060606061,0.45
Kirkcudbrightshire,DG,24700,40,863,0.33,0.030303030303030304,2.76
Lanarkshire,"G, ML",1275000,1000,1275,0.47,0.7575757575757576,3.98
Midlothian,EH,546200,1500,364,0.13,1.1363636363636365,1.14
Moray,"AB, IV",95520,80,1194,0.45,0.06060606060606061,3.81
Nairnshire,IV,14900,80,174,0.07,0.06060606060606061,0.56
Orkney,KW,22190,70,316,0.12,0.05303030303030303,1.01
Peeblesshire,EH,14600,40,361,0.14,0.030303030303030304,1.15
Perthshire,PH,155300,80,1927,0.74,0.06060606060606061,6.15
Renfrewshire,PA,347500,1500,232,0.09,1.1363636363636365,0.74
Ross and Cromarty,IV,53400,30,1756,0.67,0.022727272727272728,5.6
Roxburghshire,TD,48000,60,784,0.3,0.045454545454545456,2.5
Selkirkshire,TD,11800,40,263,0.1,0.030303030303030304,0.84
Shetland,ZE,22990,70,567,0.22,0.05303030303030303,1.81
Stirlingshire,"FK, G",292000,490,596,0.22,0.3712121212121212,1.9
Sutherland,IV,13670,10,2028,0.77,0.007575757575757576,6.48
West Lothian,EH,183100,1200,153,0.06,0.9090909090909091,0.49
Wigtownshire,DG,28840,50,490,0.18,0.03787878787878788,1.56
Isle of Man,IM,84497,370,221,0.08,0.2803030303030303,0.7
Channel Islands,"GY, JE",174623,1350,129,0.05,1.0227272727272727,0.41
,,,,,,,
Italy,,,,,,,
Column1.state,Column1.code,Column1.pop2026,Column1.densityMi,Area square miles,No of 3o mile radius areas,Abruzzo as Control,No of 10 mile radius areas
Abruzzo,67xxx,1280000,220,5000,1.77,1,15.92
Aosta Valley,11xxx,125000,38,3263,1.16,0.17272727272727273,10.39
Apulia,70xxx-76xxx,4000000,540,7400,2.62,2.4545454545454546,23.56
Basilicata,75xxx,550000,110,3860,1.36,0.5,12.28
Calabria,88xxx-89xxx,1900000,320,5770,2.04,1.4545454545454546,18.37
Campania,80xxx-83xxx,5700000,1170,4870,1.72,5.318181818181818,15.5
Emilia-Romagna,40xxx-48xxx,4480000,490,9030,3.2,2.227272727272727,28.74
Friuli Venezia Giulia,33xxx-34xxx,1200000,320,2920,1.03,1.4545454545454546,9.29
Lazio,00xxx-04xxx,5900000,890,6650,2.36,4.045454545454546,21.16
Liguria,16xxx-19xxx,1500000,740,2100,0.74,3.3636363636363638,6.69
Lombardy,20xxx-25xxx,10100000,1200,9200,3.27,5.454545454545454,29.29
Marche,60xxx,1500000,420,3570,1.27,1.9090909090909092,11.37
Molise,86xxx-87xxx,290000,210,1710,0.61,0.9545454545454546,5.45
Piedmont,10xxx-13xxx,4300000,340,9810,3.49,1.5454545454545454,31.23
Sardinia,07xxx-09xxx,1590000,170,9300,3.31,0.7727272727272727,29.59
Sicily,90xxx-98xxx,5000000,430,9930,3.53,1.9545454545454546,31.58
Trentino-Alto Adige,38xxx-39xxx,1080000,170,5250,1.87,0.7727272727272727,16.7
Tuscany,50xxx-58xxx,3670000,490,8900,3.17,2.227272727272727,28.32
Umbria,06xxx,860000,270,3190,1.13,1.2272727272727273,10.16
Veneto,30xxx-37xxx,4900000,570,7100,2.52,2.590909090909091,22.58
,,,,,,,
Canada,,,,,,,
Column1.state,Column1.code,Column1.pop2026,Column1.densityMi,Area square miles,No of 3o mile radius areas,Alberta as Control,No of 10 mile radius areas
Alberta,T,4400000,6.6,661848,234.12,1,2107.11
British Columbia,V,5500000,13.6,403735,142.98,2.0606060606060606,1285.95
Manitoba,R,1400000,5.7,250946,88.94,0.8636363636363638,797.67
New Brunswick,E,820000,25.1,32133,11.39,3.8030303030303036,102.12
Newfoundland and Labrador,A,520000,3.1,156453,55.47,0.4696969696969697,497.6
Northwest Territories,X,45000,0.03,519734,183.77,0.004545454545454545,1653.19
Nova Scotia,B,1000000,64.8,15500,5.48,9.818181818181818,44.66
Nunavut,X,40000,0.02,725018,256.25,0.0030303030303030307,2308.16
Ontario,"K, L, M, N, P",15200000,41.7,365681,129.57,6.318181818181819,1148.15
Prince Edward Island,C,170000,67.8,2190,0.78,10.272727272727273,6.87
Quebec,"G, H, J",8800000,17.2,512053,181.44,2.606060606060606,1630.37
Saskatchewan,S,1200000,4.5,251700,89.23,0.6818181818181819,799.47
Yukon,Y,45000,0.2,186272,66.06,0.030303030303030307,591.97
Nunavut,X,40000,0.02,725018,256.25,0.0030303030303030307,2308.16
,,,,,,,
,,,,,,,
Japan ,,,,,,,
Column1.state,Column1.code,Column1.pop2026,Column1.densityMi,Area square miles,No of 3o mile radius areas,Hokkaido as Control,No of 10 mile radius areas
Hokkaido,060-xxxx,5281297,180.61,29643,10.45,1,94.23
Aomori,030-xxxx,1232837,183.23,6728,2.39,1.01450639499474,21.41
Iwate,020-xxxx,1210534,128.86,9397,3.33,0.7134710148939705,29.9
Miyagi,980-xxxx,2301996,529.9,4344,1.53,2.933946071646088,13.82
Akita,010-xxxx,944902,111.41,8483,2.99,0.6168539947954155,27
Yamagata,990-xxxx,1068027,181.12,5899,2.08,1.0028237639111899,18.77
Fukushima,960-xxxx,1812255,242.13,7487,2.65,1.3406234427772548,23.84
Ibaraki,310-xxxx,2871684,803.88,3573,1.25,4.4509163390731405,11.39
Tochigi,320-xxxx,1964079,517.5,3795,1.35,2.8652898510602953,12.11
Gunma,370-xxxx,1940333,501.1,3874,1.37,2.774486462543602,12.35
Saitama,330-xxxx,7352084,5259.19,1398,0.5,29.119041027628587,4.45
Chiba,260-xxxx,6338925,4108.01,1542,0.54,22.745196832954985,4.92
Tokyo,100-xxxx,14064696,17049.4,825,0.29,94.39898123027518,2.63
Kanagawa,210-xxxx,9226009,9255.11,997,0.35,51.24361884723991,3.18
Niigata,950-xxxx,2168984,237.27,9142,3.23,1.3137146337412102,32.29
Toyama,930-xxxx,1034814,605.82,1709,0.6,3.354299318974586,6.19
Ishikawa,920-xxxx,1134591,599.71,1893,0.67,3.320469519960135,6.98
Fukui,910-xxxx,778943,442.74,1759,0.62,2.451359282431759,6.85
Yamanashi,400-xxxx,817927,401.19,2039,0.72,2.2213055755495263,7.86
Nagano,380-xxxx,2007683,312.58,6426,2.27,1.7306904379602457,22.66
Gifu,500-xxxx,1986484,436.76,4547,1.61,2.418249266375062,16.04
Shizuoka,420-xxxx,3633887,1040.7,3492,1.23,5.762139416422125,12.28
Aichi,460-xxxx,7552873,3459.37,2183,0.77,19.153812081280105,7
Mie,510-xxxx,1776205,476.78,3726,1.32,2.6398316815237246,11.88
Shiga,520-xxxx,1413552,525.48,2692,0.96,2.9094734510824427,8.58
Kyoto,600-xxxx,2577646,1771.44,1455,0.51,9.808094789878744,4.64
Osaka,530-xxxx,8799044,9329.1,944,0.33,51.653286086041746,3.01
Hyogo,650-xxxx,5469762,1308.09,4179,1.48,7.242622224683018,11.16
Nara,630-xxxx,1321805,1013.02,1305,0.46,5.608881014340291,3.95
Wakayama,640-xxxx,963579,347.23,2776,0.98,1.9225402801616742,8.83
Tottori,680-xxxx,553407,234.01,2366,0.84,1.295664691877526,7.52
Shimane,690-xxxx,667856,186.39,3583,1.28,1.0320026576601515,10.89
Okayama,700-xxxx,1890672,562.14,3364,1.19,3.1124522451691488,9.95
Hiroshima,730-xxxx,2804177,1082.87,2589,0.92,5.995625934333646,7.85
Yamaguchi,750-xxxx,1339215,351.82,3808,1.35,1.947954155362383,12.14
Tokushima,770-xxxx,727977,283.17,2572,0.91,1.5678533857482975,8.2
Kagawa,760-xxxx,963850,1019.46,946,0.34,5.644537954709041,3.01
Ehime,790-xxxx,1340993,362.08,3704,1.31,2.0047616411051434,11.81
Kochi,780-xxxx,698633,177.29,3941,1.4,0.9816178506173522,12.53
Fukuoka,810-xxxx,5109323,1662.48,3074,1.09,9.204805935441005,9.79
Saga,840-xxxx,814653,600.9,1356,0.48,3.327058302419578,4.34
Nagasaki,850-xxxx,1305943,399.4,3270,1.15,2.2113947179004483,10.45
Kumamoto,860-xxxx,1728033,430.43,4015,1.42,2.3832013731244115,12.8
Oita,870-xxxx,1130273,364.25,3104,1.1,2.0167764797076573,9.88
Miyazaki,880-xxxx,1070031,266.78,4013,1.41,1.477105365151431,12.78
Kagoshima,890-xxxx,1574221,273.67,5753,2.04,1.5152538619124079,18.29
Okinawa,900-xxxx,1457162,1288.72,1131,0.4,7.135374563977631,4.02
,,,,,,,
,,,,,,,
Phillipines,,,,,,,
Column1.state,Column1.code,Column1.pop2026,Column1.densityMi,Area square miles,No of 3o mile radius areas,Illocus as Control,No of 10 mile radius areas
Ilocos Region (Region I),2900–2920,5026128,668.61,7518,2.66,1,24
Cagayan Valley (Region II),3500–3520,3685744,168.14,21925,7.76,0.2514769447061815,70
Central Luzon (Region III),2000–2010,12422172,1158.18,10726,3.79,1.7322205770179926,34.22
CALABARZON (Region IV-A),4100–4120,16195042,2001.97,8092,2.86,2.994226828794065,25.82
MIMAROPA (Region IV-B),5200–5210,3174029,135.81,23376,8.27,0.20312289675595638,74.56
Bicol Region (Region V),4400–4420,6082165,536.53,11340,4.02,0.8024558412228354,36.17
Western Visayas (Region VI),5000–5020,7954723,1025.97,7754,2.75,1.534481985013685,24.71
Central Visayas (Region VII),6000–6020,8081308,1381.33,5849,2.08,2.0659726896097874,18.63
Eastern Visayas (Region VIII),6500–6520,4736641,371.4,12759,4.52,0.5554807735451159,40.7
Zamboanga Peninsula (Region IX),7000–7020,3629082,238.67,15209,5.39,0.35696444863223703,48.59
Northern Mindanao (Region X),9000–9020,5026393,337.81,14881,5.28,0.5052422189318138,47.55
Davao Region (Region XI),8000–8020,5243536,378.54,13848,4.91,0.5661596446358864,44.27
SOCCSKSARGEN (Region XII),9500–9520,4545276,273.84,16603,5.89,0.4095661147754296,53.73
Caraga (Region XIII),8600–8620,2933772,167.77,17488,6.2,0.25092355782892867,56.61
Bangsamoro Autonomous Region (BARMM),9600–9620,4726978,267.77,17661,6.26,0.40048757870806595,57.17
Cordillera Administrative Region (CAR),2600–2620,1722006,126.16,13642,4.84,0.18868996874111962,43.97
National Capital Region (NCR),1000–1010,13484462,48166.23,280,0.03,72.0393502938933,0.9
Visayas Administrative Region (VAR),6600–6620,1381186,728.69,1895,0.67,1.0898580637441857,6.04
,,,,,,,
,,,,,,,
India ,,,,,,,
Column1.state,Column1.code,Column1.pop2026,Column1.densityMi,Area square miles,No of 3o mile radius areas,Andrha Pradesh as Control,No of 10 mile radius areas
Andhra Pradesh,500001–534448,53903393,900,59576,21.07,1,189.76
Arunachal Pradesh,790001–792131,1383727,65,21389,7.57,0.07222222222222222,68.15
Assam,781001–788931,36507039,1036,35385,12.53,1.1511111111111112,112.83
Bihar,800001–854333,124799926,3085,40634,14.38,3.4277777777777776,129.51
Chhattisgarh,490001–497778,29436231,610,52199,18.47,0.6777777777777778,166.41
Goa,403001–403806,1592097,1006,1429,0.51,1.1177777777777778,4.56
Gujarat,360001–396590,69036689,813,85000,30.08,0.9033333333333333,270.09
Haryana,120001–136199,28204692,1973,14016,4.96,2.192222222222222,44.54
Himachal Pradesh,171001–177601,7451955,160,21634,7.66,0.17777777777777778,68.87
Jharkhand,810001–834012,39578830,1072,36357,12.87,1.191111111111111,115.81
Karnataka,560001–591346,68438979,895,76935,27.22,0.9944444444444445,244.99
Kerala,670001–695615,35489000,2709,13905,4.92,3.01,44.14
Madhya Pradesh,450001–488001,85358965,648,131484,46.54,0.72,418.92
Maharashtra,400001–444906,124437000,1017,122070,43.22,1.13,388.85
Manipur,795001–795159,3091545,245,4112,1.46,0.2722222222222222,13.09
Meghalaya,793001–793200,3899206,370,4401,1.56,0.4111111111111111,14.01
Mizoram,796001–796901,1239244,130,8139,2.88,0.14444444444444443,25.9
Nagaland,797001–798627,2249695,230,6401,2.23,0.25555555555555554,20.37
Odisha,751001–770019,46796000,780,60119,21.29,0.8666666666666667,191.48
Punjab,140001–160047,30451858,1544,19445,6.89,1.7155555555555555,61.89
Rajasthan,301001–345601,81032689,586,138139,48.92,0.6511111111111111,439.98
Sikkim,737101–737139,690251,220,2740,0.97,0.24444444444444444,8.73
Tamil Nadu,600001–643253,78412000,1900,41168,14.58,2.111111111111111,131.28
Telangana,500001–509381,39362732,1060,36432,12.9,1.1777777777777778,116.38
Tripura,799001–799278,4101169,860,4050,1.44,0.9555555555555556,12.94
Uttar Pradesh,201001–285223,241066874,2116,113704,40.23,2.351111111111111,362.31
Uttarakhand,244001–263153,11090480,510,20650,7.31,0.5666666666666667,65.81
West Bengal,700001–743711,99609303,2552,39156,13.87,2.8355555555555556,124.88
Andaman & Nicobar Islands,744101–744301,434192,120,3134,1.11,0.13333333333333333,9.99
Chandigarh,160001–160103,1165353,24540,48,0.02,27.266666666666666,0.15
Dadra & Nagar Haveli and Daman & Diu,396210–396239,728686,1844,395,0.14,2.048888888888889,1.26
Delhi,110001–110096,32066000,31260,1239,0.44,34.733333333333334,3.93
Lakshadweep,682551–682559,68928,6498,11,0,7.22,0.03
Puducherry,605001–609609,1394467,7154,195,0.07,7.948888888888889,0.62
Ladakh,194101–194404,289023,11,22836,8.08,0.012222222222222223,72.65
Jammu & Kashmir,180001–193411,13599000,330,33962,11.99,0.36666666666666664,108.16
Telangana,500001–509381,39362732,1060,36432,12.9,1.1777777777777778,116.38
West Bengal,700001–743711,99609303,2552,39156,13.87,2.8355555555555556,124.88
